<?xml version='1.0' encoding='UTF-8'?>

<bag xmlns:float="http://www.w3.org/2001/XMLSchema#float" xmlns:int="http://www.w3.org/2001/XMLSchema#int" xmlns:unsignedInt="http://www.w3.org/2001/XMLSchema#unsignedInt" xmlns:unsignedLong="http://www.w3.org/2001/XMLSchema#unsignedLong" int:version="16">
 <issues>
  <issue>
   <unsignedInt:flags>65</unsignedInt:flags>
   <id>issue_type_conversions</id>
   <int:severity>1</int:severity>
   <text>There are multiple data types within loops. Utilize hardware vectorization support more effectively by avoiding data type conversion. </text>
   <title>Data type conversions present </title>
   <attributes>
    <float:severity>1</float:severity>
   </attributes>
   <parameters/>
   <recommendations>
    <recommendation>
     <int:confidence>1</int:confidence>
     <unsignedInt:flags>8</unsignedInt:flags>
     <id>rec_type_conversions_smallest_c</id>
     <text>The &lt;a href=&quot;https://software.intel.com/en-us/articles/intel-advisor-xe-2016-vectorization-advisor-glossary&quot;&gt;source loop&lt;/a&gt; contains data types of different widths. To fix: Use the smallest data type that gives the needed precision to use the entire &lt;a href=&quot;https://software.intel.com/en-us/articles/intel-advisor-xe-2016-vectorization-advisor-glossary&quot;&gt;vector register width&lt;/a&gt;.
&lt;/br&gt;&lt;b&gt;Example:&lt;/b&gt; If only 16-bits are needed, using a short rather than an int can make the difference between eight-way or four-way SIMD parallelism, respectively. </text>
     <title>Use the smallest data type </title>
     <attributes>
      <float:confidence>1</float:confidence>
     </attributes>
     <parameters/>
    </recommendation>
   </recommendations>
   <unsignedLong:rowKey>6</unsignedLong:rowKey>
  </issue>
  <issue>
   <unsignedInt:flags>65</unsignedInt:flags>
   <id>issue_type_conversions</id>
   <int:severity>1</int:severity>
   <text>There are multiple data types within loops. Utilize hardware vectorization support more effectively by avoiding data type conversion. </text>
   <title>Data type conversions present </title>
   <attributes>
    <float:severity>1</float:severity>
   </attributes>
   <parameters/>
   <recommendations>
    <recommendation>
     <int:confidence>1</int:confidence>
     <unsignedInt:flags>8</unsignedInt:flags>
     <id>rec_type_conversions_smallest_c</id>
     <text>The &lt;a href=&quot;https://software.intel.com/en-us/articles/intel-advisor-xe-2016-vectorization-advisor-glossary&quot;&gt;source loop&lt;/a&gt; contains data types of different widths. To fix: Use the smallest data type that gives the needed precision to use the entire &lt;a href=&quot;https://software.intel.com/en-us/articles/intel-advisor-xe-2016-vectorization-advisor-glossary&quot;&gt;vector register width&lt;/a&gt;.
&lt;/br&gt;&lt;b&gt;Example:&lt;/b&gt; If only 16-bits are needed, using a short rather than an int can make the difference between eight-way or four-way SIMD parallelism, respectively. </text>
     <title>Use the smallest data type </title>
     <attributes>
      <float:confidence>1</float:confidence>
     </attributes>
     <parameters/>
    </recommendation>
   </recommendations>
   <unsignedLong:rowKey>7</unsignedLong:rowKey>
  </issue>
 </issues>
 <traits>
  <trait>
   <int:fieldId>0</int:fieldId>
   <int:id>13</int:id>
   <text>System Function Calls Present </text>
   <unsignedLong:rowKey>2</unsignedLong:rowKey>
  </trait>
  <trait>
   <int:fieldId>0</int:fieldId>
   <int:id>14</int:id>
   <text>Indirect Function Calls Present </text>
   <unsignedLong:rowKey>2</unsignedLong:rowKey>
  </trait>
  <trait>
   <int:fieldId>0</int:fieldId>
   <int:id>14</int:id>
   <text>Indirect Function Calls Present </text>
   <unsignedLong:rowKey>3</unsignedLong:rowKey>
  </trait>
 </traits>
</bag>
